Timestamp,Temperature,Vibration,Current
2023-01-01 00:00:00,25.524504612918445,10.1467561390443,50.109098042518596
2023-01-01 01:00:00,25.172332767647067,10.33717257961283,50.31032508708867
2023-01-01 02:00:00,24.468102119465286,10.670082532199697,50.41269604169937
2023-01-01 03:00:00,23.689787532703335,10.79302812927825,50.43762690126354
2023-01-01 04:00:00,23.992792508376155,10.720650832892687,50.54213574867202
2023-01-01 05:00:00,23.352577832128013,10.922422943253508,50.55662453198171
2023-01-01 06:00:00,24.229974923120196,11.492387523722073,50.559014836310205
2023-01-01 07:00:00,23.189010219178332,11.4525973998073,50.52387341273883
2023-01-01 08:00:00,24.037238403323354,11.160238608406107,50.68021474862204
2023-01-01 09:00:00,24.142747136924662,11.4923628091922,50.59837188202784
2023-01-01 10:00:00,24.094390580989465,11.456248460006119,50.751608654495655
2023-01-01 11:00:00,23.82193103758499,10.804447596201909,50.80159506686969
2023-01-01 12:00:00,24.021499094761026,11.058674099347035,50.6616644493895
2023-01-01 13:00:00,24.002681743548603,10.898075643560858,50.69842937868864
2023-01-01 14:00:00,24.55433268455686,10.87091565886961,50.488426727923475
2023-01-01 15:00:00,24.61144650888788,10.970509758040315,50.55097752960658
2023-01-01 16:00:00,24.68659738961882,11.027659661974035,50.63950067790548
2023-01-01 17:00:00,24.504791283511892,11.240495207115746,50.580265082340276
2023-01-01 18:00:00,24.47631847165136,11.109849295944795,50.59261985193583
2023-01-01 19:00:00,24.63021935609739,11.263781035397619,50.78803559531086
2023-01-01 20:00:00,23.775135159769075,11.185917032122443,50.737460924884665
2023-01-01 21:00:00,23.10104244871622,11.407560176388694,50.63157016617901
2023-01-01 22:00:00,23.472674495727578,11.592170421592611,50.779736506425266
2023-01-01 23:00:00,23.558107214791548,11.311538810979233,50.97599522547834
2023-01-02 00:00:00,23.466115546615207,11.637333445831741,50.976364792663134
2023-01-02 01:00:00,23.475332513147904,11.476544412297526,51.07751109620396
2023-01-02 02:00:00,23.64912336582874,11.71896175178187,51.21165868775705
2023-01-02 03:00:00,23.37924352567406,11.829147945802273,51.13741026450322
2023-01-02 04:00:00,22.990091162972902,12.38060304884081,51.08887968096643
2023-01-02 05:00:00,23.088013790521746,12.313563254129253,51.211967132281906
2023-01-02 06:00:00,22.598827401714228,12.208768215293794,51.38046856015276
2023-01-02 07:00:00,22.802953779571464,12.202942333527474,51.43675664617019
2023-01-02 08:00:00,21.951661977452545,12.111988398677191,51.34877521081999
2023-01-02 09:00:00,22.466239796115367,12.351970969259806,51.54748132198993
2023-01-02 10:00:00,22.70253853732189,11.867077786728832,51.49438423220873
2023-01-02 11:00:00,22.830553404478827,11.550973060984925,51.460870454091584
2023-01-02 12:00:00,23.321898896451582,11.230632184511167,51.495104237540545
2023-01-02 13:00:00,24.15463611868287,11.51572446210324,51.650520279612024
2023-01-02 14:00:00,24.661821151191937,12.028908473877816,51.73591787726725
2023-01-02 15:00:00,23.741384035526114,11.997573708316576,51.77740442730344
2023-01-02 16:00:00,23.101595552158262,11.946927191359572,51.82373328031525
2023-01-02 17:00:00,22.789186263310423,11.967942840293526,51.828084747179595
2023-01-02 18:00:00,22.80223178841584,12.316506331075985,51.88389869863145
2023-01-02 19:00:00,23.0610612986504,12.038300390818812,51.630942690862014
2023-01-02 20:00:00,22.69818939207367,12.109811085639247,51.60128194495503
2023-01-02 21:00:00,22.791572774312208,12.402370374573977,51.625414138446715
2023-01-02 22:00:00,22.413881308135547,12.55269862555593,51.51031273008476
2023-01-02 23:00:00,22.108122406639573,12.609573110535553,51.54894506186592
2023-01-03 00:00:00,21.40479185821546,12.909886938305695,51.528497939767306
2023-01-03 01:00:00,20.94317523516001,12.098917250405924,51.704045509598856
2023-01-03 02:00:00,20.26733293235184,12.302279846265197,51.861347482120344
2023-01-03 03:00:00,19.779396305863173,12.10605714132697,51.814766925208524
2023-01-03 04:00:00,20.306217204167094,11.556867272270033,51.799683154051856
2023-01-03 05:00:00,19.831517759751122,11.710228052127526,51.79228839749102
2023-01-03 06:00:00,21.14770879216982,12.122325615676413,51.74712244987506
2023-01-03 07:00:00,21.394367742610264,12.081091061288106,51.766624948277865
2023-01-03 08:00:00,21.4867858044577,12.366953425448987,51.69079674138911
2023-01-03 09:00:00,21.057606914367092,12.850636902845581,51.57773520789536
2023-01-03 10:00:00,21.407761854071587,13.245111238920796,51.64000633028538
2023-01-03 11:00:00,21.1199429409527,13.737100597732212,51.70295928870756
2023-01-03 12:00:00,21.180947848275384,13.959738845053781,51.622527712741565
2023-01-03 13:00:00,22.46099011740978,13.982368936724258,51.712063255817824
2023-01-03 14:00:00,22.412960167547453,13.501779193155109,51.64890548290129
2023-01-03 15:00:00,22.987596830690293,13.427960446716124,51.67422200670509
2023-01-03 16:00:00,22.63600861812735,13.174986468121265,51.75625640796633
2023-01-03 17:00:00,22.61851437287887,13.82626928337061,51.75289515149596
2023-01-03 18:00:00,23.503914690696625,13.77350353964091,51.79836924271007
2023-01-03 19:00:00,23.19043116180274,13.810464981676255,51.74672627832132
2023-01-03 20:00:00,24.096655440801204,13.975910594488395,51.72707961997851
2023-01-03 21:00:00,24.450531408528942,13.98899132840013,51.706493676890474
2023-01-03 22:00:00,24.16929802058181,14.497506640529357,51.63183584223645
2023-01-03 23:00:00,24.485501890109568,14.310711832009021,51.61415842592487
2023-01-04 00:00:00,24.971779114922935,14.369094068580194,51.4592965960385
2023-01-04 01:00:00,25.28268409603153,14.14635289287078,51.41018122132429
2023-01-04 02:00:00,24.497571736086304,13.750346139504568,51.38169367198732
2023-01-04 03:00:00,24.134003148173868,13.566815412232982,51.35607569673778
2023-01-04 04:00:00,24.010243830398117,13.55570437311846,51.331925952150705
2023-01-04 05:00:00,23.973027115848094,13.426913705763281,51.32574953216469
2023-01-04 06:00:00,24.28336316462343,13.219187411801125,51.3736936839733
2023-01-04 07:00:00,24.372213665090058,12.797292172699574,51.46114539138655
2023-01-04 08:00:00,23.70454148573501,12.772360500910967,51.39616886870172
2023-01-04 09:00:00,23.89464041123799,12.320944388701665,51.27584878316281
2023-01-04 10:00:00,24.1999332838799,12.548961177808547,51.1716443419385
2023-01-04 11:00:00,24.479828507845422,12.573693103688896,51.122924049819005
2023-01-04 12:00:00,25.020218870622735,12.136427653849418,51.087731918037356
2023-01-04 13:00:00,25.437179947897185,12.043664930734458,51.01073231141761
2023-01-04 14:00:00,25.666769987511405,11.818018009057283,50.88112064499262
2023-01-04 15:00:00,25.63168713178208,11.913770362183039,50.8355085622452
2023-01-04 16:00:00,24.801206665024083,12.31590549598998,50.8536512242566
2023-01-04 17:00:00,25.016015774590375,11.753353755096258,50.91315417084016
2023-01-04 18:00:00,25.119859618171933,11.787861578840483,50.85741186552932
2023-01-04 19:00:00,25.25564903676962,11.739821740170491,50.81611208331498
2023-01-04 20:00:00,24.617274748859465,11.941223763105631,50.723442252430246
2023-01-04 21:00:00,24.076746478655334,12.005182751576937,50.72029833539277
2023-01-04 22:00:00,24.603322905321786,11.779591952055291,50.63545547197369
2023-01-04 23:00:00,24.58354532839346,11.683875771355305,50.69276825329781
2023-01-05 00:00:00,24.92429567707977,11.44506801431426,50.5141816041044
2023-01-05 01:00:00,24.938454865145,11.767870155893839,50.478218636859154
2023-01-05 02:00:00,24.953332934892874,11.77426365049542,50.50832937077833
2023-01-05 03:00:00,25.422474837880873,12.344620856221324,50.52671282241058
2023-01-05 04:00:00,25.164452473772187,12.326422612076938,50.79601618880863
2023-01-05 05:00:00,25.212512862242676,12.113900582003799,50.83099619126542
2023-01-05 06:00:00,24.981375217890154,11.659786264219951,50.730590731581216
2023-01-05 07:00:00,24.764127104173998,11.118844361343166,50.72104430687231
2023-01-05 08:00:00,24.609541042439677,10.643603578441521,50.54341967352566
2023-01-05 09:00:00,24.720607928256534,10.723741573744965,50.53535969859599
2023-01-05 10:00:00,24.481233617424795,10.876359080713945,50.452054092895914
2023-01-05 11:00:00,25.109111680211555,10.402001870104305,50.54359312045193
2023-01-05 12:00:00,24.661808029101802,10.67051336432714,50.48863909299237
2023-01-05 13:00:00,24.568372207021124,10.525595048822108,50.47696250141285
2023-01-05 14:00:00,24.348506677884036,10.569632952417773,50.41340671727241
2023-01-05 15:00:00,25.071995620060903,11.053299140894401,50.587291852457746
2023-01-05 16:00:00,25.17027300831669,11.32235093565406,50.55516757584595
2023-01-05 17:00:00,25.68619527805101,11.24179174128231,50.73842328019387
2023-01-05 18:00:00,24.943415091532522,10.974434073657724,50.8198384564057
2023-01-05 19:00:00,25.07694022446715,10.328889453258933,50.86804512913924
2023-01-05 20:00:00,25.52175562227887,10.113143457486206,50.90491844387099
2023-01-05 21:00:00,25.562897616916583,10.049804385837898,50.944298173692616
2023-01-05 22:00:00,26.095637804449257,9.753650527692542,50.75153091575805
2023-01-05 23:00:00,25.83699357939907,9.714273437564852,50.723642576342975
2023-01-06 00:00:00,26.541667299491863,9.737329002452482,50.80815837346141
2023-01-06 01:00:00,27.691116361301486,9.669872207910059,50.803268655113996
2023-01-06 02:00:00,27.509697081081658,9.47487143366302,50.66274967043364
2023-01-06 03:00:00,27.28694582038127,9.525467835253039,50.6575092253759
2023-01-06 04:00:00,28.01363805894012,9.658050030123862,50.82791977700144
2023-01-06 05:00:00,28.80342413180548,9.330930306891007,50.95260894855492
2023-01-06 06:00:00,28.541994118228843,9.754210020814888,50.94640854761831
2023-01-06 07:00:00,28.331900709680916,9.724633581129611,51.04155347532412
2023-01-06 08:00:00,28.191008405250663,9.730288468013065,51.00490277328731
2023-01-06 09:00:00,27.518783149733522,9.942752794990032,50.83451561460464
2023-01-06 10:00:00,27.059457176491424,10.012717634369082,50.742069015791685
2023-01-06 11:00:00,26.55738679311539,10.298658624543055,50.89835789264251
2023-01-06 12:00:00,26.173488010563325,10.384795874103602,50.87095858445958
2023-01-06 13:00:00,26.156145566869935,10.201064661711472,50.846620186522074
2023-01-06 14:00:00,26.273252933138195,10.309515719273302,50.816636366894585
2023-01-06 15:00:00,27.048503179545236,9.966397857077103,51.00705002585189
2023-01-06 16:00:00,26.549326159175838,9.998965768810061,51.169645917388095
2023-01-06 17:00:00,27.04148735841413,9.988996771616723,51.39152394073291
2023-01-06 18:00:00,26.934492936301375,9.92656171443496,51.3756194196929
2023-01-06 19:00:00,26.90976108147516,9.888000461003282,51.40518186856761
2023-01-06 20:00:00,27.247170827558463,9.32344574735399,51.25351761362553
2023-01-06 21:00:00,26.68580981677731,9.1588282750317,51.40121105623736
2023-01-06 22:00:00,26.877014689869338,9.186681745374035,51.284433101110565
2023-01-06 23:00:00,26.960240793975867,9.234638662973255,51.30611065748683
2023-01-07 00:00:00,27.20646642597994,8.926336120695467,51.19638040472355
2023-01-07 01:00:00,27.351050747933847,9.306048472954878,51.137493722049676
2023-01-07 02:00:00,28.578700817889295,9.046196018490528,51.05376747894471
2023-01-07 03:00:00,28.25983082576364,9.337033178648548,50.99297995287712
2023-01-07 04:00:00,27.99433234826273,9.465191487210054,50.939067682562225
2023-01-07 05:00:00,27.68276208505035,9.271323294256913,50.884240803069716
2023-01-07 06:00:00,27.40502352547022,9.803916562039767,50.96757419424775
2023-01-07 07:00:00,27.08632996181696,9.445825512512823,50.857087914941495
2023-01-07 08:00:00,27.680838227370735,9.721571764595824,50.87914205764289
2023-01-07 09:00:00,28.391090351365666,10.021746460008718,51.00093797287344
2023-01-07 10:00:00,28.105717204490926,9.820560397285723,50.9496183364221
2023-01-07 11:00:00,27.68953941793881,10.238299987305021,50.87782644734734
2023-01-07 12:00:00,27.925247196132013,10.163286032925336,50.854773984829315
2023-01-07 13:00:00,27.649135673991527,10.249894121709293,50.972746505665384
2023-01-07 14:00:00,27.965601582869283,10.32799067334066,50.99215726876072
2023-01-07 15:00:00,28.067063093294934,10.287698050899495,50.93903583929996
2023-01-07 16:00:00,27.309191035796317,10.53094053284743,50.987423504418764
2023-01-07 17:00:00,28.082943636461348,10.768987149013094,50.877194289435124
2023-01-07 18:00:00,28.98088247300911,10.24442755704164,50.94533024047942
2023-01-07 19:00:00,28.674488127766914,10.635729629905086,50.9861909712496
2023-01-07 20:00:00,28.480637347798922,10.136982033494382,50.95541012413571
2023-01-07 21:00:00,28.623570043161376,10.44674589479688,50.87155154429099
2023-01-07 22:00:00,28.790798438154887,10.784757435845155,50.78288345206264
2023-01-07 23:00:00,29.120070574491304,10.457467506780596,50.83636518569723
2023-01-08 00:00:00,30.12517284387448,10.33422322039422,50.95926323594614
2023-01-08 01:00:00,30.036699230127454,10.00251181984844,50.895532461243256
2023-01-08 02:00:00,29.637550607858227,9.93803551076182,50.9413711315984
2023-01-08 03:00:00,28.947890993850965,9.845625225506096,50.7326684297382
2023-01-08 04:00:00,28.582425973880007,10.0795233851869,50.67420665667248
2023-01-08 05:00:00,28.565862487443106,10.472616009022781,50.67110076338539
2023-01-08 06:00:00,29.463141419202,10.891321152259767,50.5801324216872
2023-01-08 07:00:00,29.204335769683915,10.722670744286278,50.486481784208245
2023-01-08 08:00:00,29.316229745503364,10.659904182162919,50.41970382856135
2023-01-08 09:00:00,29.308018297466987,10.154872724496634,50.448923101393994
2023-01-08 10:00:00,29.90221493419103,9.913111704547777,50.43019019955336
2023-01-08 11:00:00,31.16568114712784,10.202567194477014,50.20636707622086
2023-01-08 12:00:00,30.90024676066768,10.687242041541484,49.99429706095735
2023-01-08 13:00:00,30.655527039408568,10.316937379977507,49.93361054317163
2023-01-08 14:00:00,31.177607477943106,10.139198102231639,49.97937920177699
2023-01-08 15:00:00,31.51855322275626,10.13127637514396,49.70462871750447
2023-01-08 16:00:00,32.44190688562428,10.215324722789843,49.654655699889304
2023-01-08 17:00:00,32.73387097828726,9.97244366681335,49.60203091423756
2023-01-08 18:00:00,32.55422493289373,10.099661980152575,49.74086469205841
2023-01-08 19:00:00,32.84955234823988,9.9575101760313,49.70236251088712
2023-01-08 20:00:00,33.40390413853134,9.953174494767817,49.74066140936121
2023-01-08 21:00:00,33.81414522913002,10.117059769168927,49.75478712336996
2023-01-08 22:00:00,34.06778224468367,10.118986450112208,49.54173047538924
2023-01-08 23:00:00,34.601119589478245,9.988070682954238,49.61855119705241
2023-01-09 00:00:00,35.18576738470108,9.95518774177649,49.64009084759804
2023-01-09 01:00:00,35.876846880219844,9.928678854014889,49.6909177115655
2023-01-09 02:00:00,36.20120182401467,9.81767554505025,50.083541482209135
2023-01-09 03:00:00,36.11764278385624,9.74003672625012,49.87513018825928
2023-01-09 04:00:00,36.1909996270729,10.219630877401535,50.04759985323538
2023-01-09 05:00:00,36.794254110327074,10.387906711783906,50.01885510129535
2023-01-09 06:00:00,36.385786274833464,10.299262616375158,50.047587991735654
2023-01-09 07:00:00,36.570122929269914,10.508348937728378,50.04303676720553
2023-01-09 08:00:00,36.37345352310623,10.408203090801575,50.00061313386572
2023-01-09 09:00:00,36.38782593457364,10.760140482077567,49.94362984104185
2023-01-09 10:00:00,37.02705186587729,10.871033139736996,49.976580714599145
2023-01-09 11:00:00,37.12260139988724,10.838842496535728,49.82486334493198
2023-01-09 12:00:00,37.14581967396531,10.97315757427881,49.899921261684156
2023-01-09 13:00:00,36.465891603475356,10.501894728658261,49.85830182119563
2023-01-09 14:00:00,36.839018386488966,10.16386448798532,49.74529488729159
2023-01-09 15:00:00,37.1617604770595,9.805686986065602,49.700293601492014
2023-01-09 16:00:00,38.24338783871223,9.848569914494714,49.826008523178274
2023-01-09 17:00:00,38.08949872123573,10.368324414340242,49.77247501447665
2023-01-09 18:00:00,38.199073885067705,11.037714458198032,49.80832037629761
2023-01-09 19:00:00,38.32376572692308,11.229129788630258,49.73522474872606
2023-01-09 20:00:00,39.112492366804815,11.379383131113595,49.81101693371843
2023-01-09 21:00:00,39.06484460061134,10.839065810867774,49.879567707597445
2023-01-09 22:00:00,39.20435536349651,10.676263670947568,50.064428590927086
2023-01-09 23:00:00,39.50830361835478,10.439928545375096,50.046872196377166
2023-01-10 00:00:00,39.60160817993296,10.253674265899761,50.113737676852956
2023-01-10 01:00:00,39.378391372657696,10.203231120324325,50.12354443080685
2023-01-10 02:00:00,39.475436369106845,10.061603947015186,50.25313160899315
2023-01-10 03:00:00,40.01225224403673,9.46781400390245,50.181248370232275
2023-01-10 04:00:00,39.49899459433121,9.69218708073771,50.25574890152001
2023-01-10 05:00:00,39.56547943140464,9.370364173015767,50.236279171908336
2023-01-10 06:00:00,39.215419023935056,9.442138232249112,50.22986035419749
2023-01-10 07:00:00,39.81294233839748,10.064363033174105,50.239035602642325
2023-01-10 08:00:00,39.05134888600559,9.788547655698178,50.26425964228499
2023-01-10 09:00:00,38.771887962369796,9.029461398874279,50.2526367379728
2023-01-10 10:00:00,38.960493899902055,8.943660132310246,50.27410805628985
2023-01-10 11:00:00,39.743255914519224,9.273948022809817,50.431919862046065
2023-01-10 12:00:00,39.71038078398273,9.861452259075996,50.53046483060759
2023-01-10 13:00:00,39.432781020636135,9.49258738074027,50.61738028985728
2023-01-10 14:00:00,40.37335955535643,9.641597147711227,50.57182633725489
2023-01-10 15:00:00,39.64935260514831,9.502004010677211,50.48290225443206
2023-01-10 16:00:00,38.54994962683827,9.47021950438597,50.578432310255835
2023-01-10 17:00:00,38.76995685186493,10.26352250849108,50.66603698950882
2023-01-10 18:00:00,38.51892973968863,9.812631409972536,50.81330405708391
2023-01-10 19:00:00,38.00831333112327,9.888753308420906,50.752905994486994
2023-01-10 20:00:00,38.362491554772944,10.029061259950536,50.72995112895096
2023-01-10 21:00:00,38.48439191165855,10.35479715743234,50.56600271269841
2023-01-10 22:00:00,38.20235259629018,10.384192103473609,50.52675560209232
2023-01-10 23:00:00,37.56220039695474,10.47660726532484,50.62641265315027
2023-01-11 00:00:00,37.99842906109481,10.359112695098302,50.57976311522745
2023-01-11 01:00:00,38.32352965007414,10.439850777471834,50.643811094747534
2023-01-11 02:00:00,38.273941718184446,10.336893094822612,50.62476078414775
2023-01-11 03:00:00,39.19726021620828,10.523364661779427,50.657166486969906
2023-01-11 04:00:00,38.662217833045204,10.412481560966336,50.54239734798834
2023-01-11 05:00:00,37.899455247582836,10.525611679136993,50.55091829295173
2023-01-11 06:00:00,37.55350121264222,10.516832835031499,50.25180469586166
2023-01-11 07:00:00,37.53070820446447,10.85464791026315,50.23311508004546
2023-01-11 08:00:00,37.65237792912581,10.839229793186604,50.070067755673946
2023-01-11 09:00:00,37.53175990019765,10.30732005272454,50.19066720732863
2023-01-11 10:00:00,37.70778759845479,10.685896502938737,50.26840794260508
2023-01-11 11:00:00,37.08201788635957,10.414176812679951,50.31507504080169
2023-01-11 12:00:00,37.8039001883962,10.218046911085306,50.46717566351762
2023-01-11 13:00:00,37.76282459919992,10.039348522872258,50.37228401143514
2023-01-11 14:00:00,38.321472514993985,10.451679950823504,50.5470203312267
2023-01-11 15:00:00,38.49283518818284,9.810977686629894,50.640239487652735
2023-01-11 16:00:00,38.72121179775972,10.752302246727892,50.61658395893084
2023-01-11 17:00:00,39.00609543787583,11.069119289447707,50.73014597364914
2023-01-11 18:00:00,39.22994971788448,11.136090963686456,50.61951662240797
2023-01-11 19:00:00,39.55131109781826,11.11962276350157,50.53706520625521
2023-01-11 20:00:00,40.21588736288447,11.205288985958868,50.47620623393124
2023-01-11 21:00:00,40.31414794773521,11.361625714472668,50.42330846312483
2023-01-11 22:00:00,40.66864982652946,11.555190390257685,50.31765269884881
2023-01-11 23:00:00,40.623781979385846,11.72187173005872,50.43996100555834
2023-01-12 00:00:00,41.343840587110584,11.748745934435295,50.41407556552136
2023-01-12 01:00:00,41.00564443608095,11.689544408343098,50.449326062357045
2023-01-12 02:00:00,41.90611465253636,11.644162423247042,50.39229092571568
2023-01-12 03:00:00,41.88603567721418,11.58568993914124,50.210230595660825
2023-01-12 04:00:00,41.17064812615516,11.925820968201359,50.237236331499965
2023-01-12 05:00:00,41.234700333610554,12.103887984885617,50.04601083395799
2023-01-12 06:00:00,40.894174504873114,11.221771394486332,50.03914742934944
2023-01-12 07:00:00,41.314496279367475,11.418541627445261,49.90231592546616
2023-01-12 08:00:00,40.98818428971628,11.476962485860893,50.101043525389244
2023-01-12 09:00:00,40.76509257310889,11.471349858927125,50.19217979760671
2023-01-12 10:00:00,39.820322207636124,11.354794323000458,50.20275517673387
2023-01-12 11:00:00,39.59416904801159,11.692028138996262,50.32912584449933
2023-01-12 12:00:00,38.38222938469711,11.97628607763312,50.24449424675276
2023-01-12 13:00:00,37.59027797295425,11.744422777286037,50.298842184619765
2023-01-12 14:00:00,37.9704853010264,11.866538463423398,50.318823227991636
2023-01-12 15:00:00,38.363385380351815,11.575041443061012,50.345225236125
2023-01-12 16:00:00,38.57611416124429,11.161155993624334,50.47246058613568
2023-01-12 17:00:00,38.09262608967969,10.973140826247343,50.54570979641366
2023-01-12 18:00:00,38.068770411608696,11.23185886796217,50.57458216269616
2023-01-12 19:00:00,38.066969142063414,11.517796381574998,50.409093419073336
2023-01-12 20:00:00,37.487786797467145,11.671722007604185,50.31308878954539
2023-01-12 21:00:00,38.23948594835072,11.889250743658584,50.30081789618581
2023-01-12 22:00:00,38.67816709363856,12.044104229793072,50.31015513361348
2023-01-12 23:00:00,38.56768500672372,11.851659751226187,50.19713476114609
2023-01-13 00:00:00,38.58112792622099,11.981236514628367,50.43830242870393
2023-01-13 01:00:00,38.685319330194766,12.221359372196673,50.589941834229286
2023-01-13 02:00:00,37.66445189598262,12.447646771140745,50.65015366626854
2023-01-13 03:00:00,37.54086320472232,12.804320782583138,50.65735735239691
2023-01-13 04:00:00,37.19987108072342,13.016811936743457,50.63613645540679
2023-01-13 05:00:00,36.699061075775965,13.122246399005933,50.54094460940457
2023-01-13 06:00:00,36.55851092933298,13.44329147050086,50.54869266125646
2023-01-13 07:00:00,37.45735419275775,13.435335092726142,50.57446791527073
2023-01-13 08:00:00,37.77777562339125,13.170772697357826,50.45029185772257
2023-01-13 09:00:00,37.49218612849985,13.121852608174699,50.48370949944706
2023-01-13 10:00:00,37.77847751917793,12.898381814732762,50.468183594564586
2023-01-13 11:00:00,38.47815523747093,12.695828332240449,50.277402838776844
2023-01-13 12:00:00,38.940472078927314,12.652472731025792,50.19136433769889
2023-01-13 13:00:00,38.97028726388741,12.414746754725805,50.150003784356734
2023-01-13 14:00:00,38.64681887503462,12.322358295834093,50.33877255009075
2023-01-13 15:00:00,38.99593053184141,11.754273895747957,50.39442786254413
2023-01-13 16:00:00,39.19267322455229,11.818262007959838,50.26087970563414
2023-01-13 17:00:00,39.640269834566155,11.818623650568505,50.3094833345759
2023-01-13 18:00:00,39.957855735407136,11.573497061248048,50.15475293568206
2023-01-13 19:00:00,40.482632093066805,11.77127076177777,50.26302204107077
2023-01-13 20:00:00,40.215014487286524,12.052541803065736,50.215909575888986
2023-01-13 21:00:00,40.87371152010368,11.570273843755045,50.20654595701507
2023-01-13 22:00:00,40.97251132244988,11.341456410185181,50.339125621769284
2023-01-13 23:00:00,42.010141758762515,11.11071370524899,50.21040926491086
2023-01-14 00:00:00,41.66554784971774,10.828742774916332,50.07069744639956
2023-01-14 01:00:00,42.533529751300364,11.077585227495856,50.01233751376496
2023-01-14 02:00:00,42.63248514303169,11.019437385864014,50.11617539886689
2023-01-14 03:00:00,42.30677614122446,10.940082933470832,49.964240791319206
2023-01-14 04:00:00,42.0648332241973,10.338924224148807,49.68102523150815
2023-01-14 05:00:00,41.90465957010014,10.529549633211573,49.63590934566725
2023-01-14 06:00:00,42.1167425433011,10.157772114755533,49.69108342565834
2023-01-14 07:00:00,42.37816028731885,10.17575190383543,49.81110960063223
2023-01-14 08:00:00,42.09131028534956,10.258964985222889,49.76479346442369
2023-01-14 09:00:00,42.07913298921906,10.667162563974482,49.72365080371208
2023-01-14 10:00:00,43.150268168524995,10.274516444238749,49.83904087713766
2023-01-14 11:00:00,44.01403975357535,9.368662797492503,49.65206670716812
2023-01-14 12:00:00,44.232201588412366,9.42381766091861,49.61321462964982
2023-01-14 13:00:00,44.25120332749647,9.963971015371866,49.63225701864232
2023-01-14 14:00:00,44.31121899085559,10.335654921253697,49.677178890770826
2023-01-14 15:00:00,44.617977977220804,10.398552745836085,49.62619822145174
2023-01-14 16:00:00,44.106581694621596,10.251061890146472,49.629642322622324
2023-01-14 17:00:00,43.977893425909926,10.493198669137664,49.38080958728102
2023-01-14 18:00:00,43.143601388971135,10.201134809226325,49.31498474604764
2023-01-14 19:00:00,43.34321295027377,10.34404214003319,49.360335617303086
2023-01-14 20:00:00,43.666810920125144,10.495683187783177,49.262106213877615
2023-01-14 21:00:00,43.42521768897545,10.813746160032842,49.26800463603658
2023-01-14 22:00:00,44.21221107062047,11.641644171706165,49.312691886116845
2023-01-14 23:00:00,43.5993282391193,11.759368961859796,49.27843696603107
2023-01-15 00:00:00,42.86714079901439,11.606679874147545,49.295483343130726
2023-01-15 01:00:00,42.97936670829438,11.599007580489948,49.199210086602264
2023-01-15 02:00:00,43.50291585960045,11.068284809023211,49.17854895863266
2023-01-15 03:00:00,44.34487970532939,10.859870869696495,49.239570575591586
2023-01-15 04:00:00,44.115437573894916,10.737086138262564,49.255267871688424
2023-01-15 05:00:00,44.65477799061056,10.579859618882185,49.19661474473203
2023-01-15 06:00:00,44.635523755860206,10.625566080492302,49.21903638516111
2023-01-15 07:00:00,44.5492101058898,10.378840100777643,49.29049736422478
2023-01-15 08:00:00,44.99104007463313,10.715149300974984,49.085503236367025
2023-01-15 09:00:00,45.31720151383985,10.715211420450443,49.20141064286262
2023-01-15 10:00:00,44.52900543534772,10.712421324108858,49.16778516899451
2023-01-15 11:00:00,45.26727561021067,10.614052909154983,49.21033416231853
2023-01-15 12:00:00,45.957321287284394,10.660610114312677,49.33005885468306
2023-01-15 13:00:00,45.644539936529625,10.908139593712967,49.19289148496001
2023-01-15 14:00:00,45.84244170324833,10.648000528999697,49.12194738471725
2023-01-15 15:00:00,46.0894567963897,10.45056558227712,49.09309251512968
2023-01-15 16:00:00,46.21979367930166,10.35944777364412,49.01471716301724
2023-01-15 17:00:00,45.944641102378945,9.955686496602155,49.18821082060092
2023-01-15 18:00:00,45.60882941840992,9.709909138685706,49.10253361121824
2023-01-15 19:00:00,45.596052382914195,9.567042876622308,49.04697893326956
2023-01-15 20:00:00,46.18241689254388,9.829359630836127,49.067417836429854
2023-01-15 21:00:00,46.45421696984109,9.908128029536705,48.94720288382224
2023-01-15 22:00:00,46.26890980379804,9.966205002946968,48.90763481264662
2023-01-15 23:00:00,46.65475915912221,10.22147439159736,48.93938013877164
2023-01-16 00:00:00,45.23048784880717,10.18026285507754,48.906094098333384
2023-01-16 01:00:00,45.80487069899323,10.297402310056206,48.89675541244339
2023-01-16 02:00:00,44.93501380960417,10.266435784176458,48.843822201198556
2023-01-16 03:00:00,44.75379333890261,10.346044488996347,48.69237517028048
2023-01-16 04:00:00,44.19395839158954,10.171216891712872,48.7245344914144
2023-01-16 05:00:00,43.546617653729086,9.439571744229944,48.900027798579124
2023-01-16 06:00:00,44.12703104741834,9.399287995574053,48.901867961657466
2023-01-16 07:00:00,43.8931804467624,9.826112436404035,48.92439437338222
2023-01-16 08:00:00,44.066432387627756,10.103977057076513,48.99366664889391
2023-01-16 09:00:00,44.04297209818817,10.393596302453863,48.86673359923924
2023-01-16 10:00:00,44.281492511799726,10.764435518995729,49.0369850650522
2023-01-16 11:00:00,44.31990345732986,10.79103279628416,49.05721794469448
2023-01-16 12:00:00,43.67840734523557,10.850227508505839,49.22040363460339
2023-01-16 13:00:00,44.17654075495915,10.664931939875533,49.14710033505099
2023-01-16 14:00:00,43.92966246337849,10.57011008306742,49.32890652730678
2023-01-16 15:00:00,43.15137151404861,10.75484142799876,49.40642207671026
2023-01-16 16:00:00,42.93731393356566,11.116006759149405,49.46172608529549
2023-01-16 17:00:00,43.687693828882814,11.074172876445106,49.485128530730805
2023-01-16 18:00:00,44.11280469993956,10.939116096989682,49.46027566892336
2023-01-16 19:00:00,43.93847863273563,10.939274484646662,49.58032883477075
2023-01-16 20:00:00,43.76384978057642,11.119636509325396,49.59436482175555
2023-01-16 21:00:00,43.60303225496773,10.686480064485334,49.397657851396836
2023-01-16 22:00:00,44.64140624674815,9.997625778544162,49.285939205226136
2023-01-16 23:00:00,44.83237397286392,9.832464723696686,49.267354630006864
2023-01-17 00:00:00,45.04739479645946,9.46625099592244,49.298354528323415
2023-01-17 01:00:00,45.56253652347538,9.313808936628247,49.29269567943343
2023-01-17 02:00:00,45.68193110298864,9.269474840983005,49.414592758412795
2023-01-17 03:00:00,45.55241003007829,9.1335003182761,49.21948257200893
2023-01-17 04:00:00,45.4542351055358,9.569240578617324,49.233841365659444
2023-01-17 05:00:00,45.41843447582876,9.667264007998021,49.05204344312073
2023-01-17 06:00:00,45.399823357573844,9.75740631588127,49.128014672669146
2023-01-17 07:00:00,45.763638129392334,9.94406845909429,49.118568801224946
2023-01-17 08:00:00,45.78961107229598,9.60241852376006,49.16052979842736
2023-01-17 09:00:00,46.15593111090377,9.91415205998614,49.074141502368384
2023-01-17 10:00:00,46.11557282084948,9.891422774025502,49.20208799553416
2023-01-17 11:00:00,46.154890416007525,10.092566959197866,49.30626046194004
2023-01-17 12:00:00,45.15579007374147,9.771009789285818,49.364614892241235
2023-01-17 13:00:00,45.61395391109271,9.304882159481,49.35166316755489
2023-01-17 14:00:00,45.78719814904171,9.550249056888507,49.4096488960844
2023-01-17 15:00:00,46.28620320397153,9.663171914717763,49.33895963928567
2023-01-17 16:00:00,44.83807551487469,9.39255644841051,49.42451520518774
2023-01-17 17:00:00,45.882262867265055,9.131657524028101,49.58946329462013
2023-01-17 18:00:00,45.812468053187466,9.469287959352533,49.69652435061805
2023-01-17 19:00:00,46.36655946155622,9.112464391492335,49.62356410363731
2023-01-17 20:00:00,45.84660649799346,9.605266277469124,49.65970583536462
2023-01-17 21:00:00,46.15299345052475,9.335080057074762,49.53039168098875
2023-01-17 22:00:00,45.62628566893791,9.526597634757277,49.58763071210632
2023-01-17 23:00:00,45.31440118859001,9.428012092032581,49.63269105339258
2023-01-18 00:00:00,46.271416865523406,9.608968321357285,49.44570941943936
2023-01-18 01:00:00,46.17607566514174,9.445734120723026,49.32953103504812
2023-01-18 02:00:00,46.2847921017316,9.396896248901339,49.30121714537374
2023-01-18 03:00:00,46.71982596707598,9.409172001520055,49.271131170659665
2023-01-18 04:00:00,46.967666911062274,9.108515764785613,49.15018347711778
2023-01-18 05:00:00,47.042876363634065,9.33076306841165,49.189081350053
2023-01-18 06:00:00,47.22535686486717,9.176798998470176,49.21422871094705
2023-01-18 07:00:00,48.42706465748631,9.10821902386817,49.1948017977492
2023-01-18 08:00:00,48.39825525896952,8.809914211485616,49.11922264773336
2023-01-18 09:00:00,48.498804782327,8.041214113847023,49.22409336037502
2023-01-18 10:00:00,49.02413198033081,7.983905785066972,49.38963407168385
2023-01-18 11:00:00,49.5768949468098,8.707690411550846,49.341277923299195
2023-01-18 12:00:00,50.170410099589986,8.943071697920255,49.280061231583716
2023-01-18 13:00:00,50.48977521060458,8.937293583999935,49.32918199812491
2023-01-18 14:00:00,49.91827275423934,8.858426335237455,49.293379060150215
2023-01-18 15:00:00,50.734988520389884,8.86516610308107,49.27943934008389
2023-01-18 16:00:00,50.16181582388054,9.029301837633632,49.353404655256355
2023-01-18 17:00:00,50.313133556500055,8.67505799304098,49.16246904650563
2023-01-18 18:00:00,49.93599563149037,9.00935450144164,49.29429927899089
2023-01-18 19:00:00,49.90392645819388,9.223968896074014,49.301567331423826
2023-01-18 20:00:00,50.06830766334562,9.439424613786395,49.26041801696761
2023-01-18 21:00:00,50.22898627107075,9.570967335429312,49.25149460154547
2023-01-18 22:00:00,50.439946648188396,9.57685233273751,49.24773753704752
2023-01-18 23:00:00,51.246802282717724,9.778710703527555,49.07461740670303
2023-01-19 00:00:00,51.473569433474715,9.956254943649968,49.22411122944835
2023-01-19 01:00:00,51.35149111582939,9.850042730367662,49.228243792675414
2023-01-19 02:00:00,51.83353469997357,9.67796219849859,49.27254400572015
2023-01-19 03:00:00,52.42826994443589,9.708519087077187,49.367698982777554
2023-01-19 04:00:00,51.814466036867394,10.173225132525744,49.265582737021525
2023-01-19 05:00:00,52.11316607179232,9.801493009829573,49.312929926925044
2023-01-19 06:00:00,52.46375244294777,9.361235430103841,49.28616581783517
2023-01-19 07:00:00,52.314970691267774,9.410663682474796,49.370842895356816
2023-01-19 08:00:00,53.002824097923586,9.425929993031602,49.15812015332167
2023-01-19 09:00:00,52.92779630440732,9.477932492342724,49.14821072329754
2023-01-19 10:00:00,52.9905845311431,9.551118451715274,49.08792865771915
2023-01-19 11:00:00,52.90404861900116,9.484157775324833,49.13115495278256
2023-01-19 12:00:00,52.91183814279189,9.931116806905457,49.17815937151938
2023-01-19 13:00:00,52.3637005993443,9.450845613362503,49.10739678203718
2023-01-19 14:00:00,51.643675158047145,9.202296505928429,49.03617939561957
2023-01-19 15:00:00,52.44092768965963,9.171320077883715,49.02511285876384
2023-01-19 16:00:00,52.017447015500466,8.678363434537465,48.93544863603232
2023-01-19 17:00:00,51.52175084077231,8.625607113207844,49.01964700557753
2023-01-19 18:00:00,50.44505578397046,9.124048162926249,48.982726285532785
2023-01-19 19:00:00,50.12557491012571,9.130314109415037,48.692027463600624
2023-01-19 20:00:00,49.46403001342196,9.199524381130642,48.654545257938445
2023-01-19 21:00:00,50.285037593490145,8.821474951578868,48.550690875854045
2023-01-19 22:00:00,50.78994613816146,8.636566529167025,48.38756329430795
2023-01-19 23:00:00,50.445870965572595,8.524007615069843,48.26382063048569
2023-01-20 00:00:00,51.572088868244755,8.428693086042973,48.27476147766899
2023-01-20 01:00:00,52.06297161174055,8.813186224544104,48.40762556049381
2023-01-20 02:00:00,51.90055591998624,8.980493542761641,48.43894400788031
2023-01-20 03:00:00,50.65085306254945,8.647056155680533,48.378293669058735
2023-01-20 04:00:00,51.79632434884482,8.721007589210133,48.423884088575804
2023-01-20 05:00:00,51.10153811546303,8.870474113759169,48.37797505755391
2023-01-20 06:00:00,50.27883874198458,9.212518825315549,48.30851502063759
2023-01-20 07:00:00,50.790123957989394,9.68668103128606,48.1930787538143
2023-01-20 08:00:00,52.010000161159034,9.382152773737701,48.017895873139125
2023-01-20 09:00:00,52.7021365704143,9.138895520374598,47.97890350248318
2023-01-20 10:00:00,52.984091130440476,8.761622162700213,47.99470885147519
2023-01-20 11:00:00,53.281468301273115,8.69141620496812,47.9850464844737
2023-01-20 12:00:00,53.708176080663264,8.83132371730202,47.943449791678965
2023-01-20 13:00:00,54.087640375556646,9.127524072278751,47.84887518560929
2023-01-20 14:00:00,54.22823608754133,9.104738765185994,47.90969980477779
2023-01-20 15:00:00,54.28033663951727,9.00878450820954,47.777986612783124
2023-01-20 16:00:00,54.24904007556751,9.054311905884163,47.855589404167475
2023-01-20 17:00:00,53.872057781134174,8.803769035395156,47.7553677022748
2023-01-20 18:00:00,53.73172024270079,9.430630651903588,47.6801241785395
2023-01-20 19:00:00,52.8852418356031,8.94833234376817,47.533445659477934
2023-01-20 20:00:00,52.83607202220572,9.003754517436887,47.483305444789366
2023-01-20 21:00:00,52.34177646863026,9.610836383205779,47.58083669063716
2023-01-20 22:00:00,51.789981810022375,9.612876336573779,47.63239949948156
2023-01-20 23:00:00,51.879928885599114,9.55586462607333,47.73024171068437
2023-01-21 00:00:00,52.57593002877141,9.448630999230202,47.782455965277755
2023-01-21 01:00:00,53.03508833177257,9.39451349470148,47.67208898242472
2023-01-21 02:00:00,52.24983802996098,9.80636803710444,47.63901005999197
2023-01-21 03:00:00,51.75502396167582,9.142809463705587,47.56099014708022
2023-01-21 04:00:00,52.22540955566993,9.602839574094485,47.694047637484125
2023-01-21 05:00:00,51.73416585890077,9.175652428359442,47.574368772841495
2023-01-21 06:00:00,51.62184928390226,9.095656729589116,47.663738541780404
2023-01-21 07:00:00,51.896875333414535,8.966883403499518,47.75303392879128
2023-01-21 08:00:00,51.412703105982715,9.143449384430733,47.93599594896289
2023-01-21 09:00:00,51.4653908590557,8.664012078865609,47.89502728969994
2023-01-21 10:00:00,50.7983781115966,8.802663878690192,47.96625950565795
2023-01-21 11:00:00,50.497694289620995,9.409956765676249,48.19442468931184
2023-01-21 12:00:00,50.65758525669226,9.001004564298405,48.13266052161847
2023-01-21 13:00:00,49.86108838992642,9.057916414581523,47.97915649686523
2023-01-21 14:00:00,50.08132575890663,8.85932176124254,47.791155493474456
2023-01-21 15:00:00,50.07150685944329,8.987087923100452,47.86242669636059
2023-01-21 16:00:00,50.34775183665186,8.992832256325178,47.674111675554734
2023-01-21 17:00:00,50.45970890368419,8.800386183611884,47.63687977026094
2023-01-21 18:00:00,51.14177911867111,8.946747869073207,47.68061108896484
2023-01-21 19:00:00,51.204391369995065,9.48805230200923,47.69912864264783
2023-01-21 20:00:00,50.98968859943244,9.430781164491039,47.74167312906624
2023-01-21 21:00:00,51.05083735094858,9.646708547135495,47.76390211464633
2023-01-21 22:00:00,51.32248636546677,9.258726659774146,47.89178869597767
2023-01-21 23:00:00,51.346916400629624,8.971795746728743,47.79655705790379
2023-01-22 00:00:00,51.36721224623157,9.113517630092856,47.72885754405794
2023-01-22 01:00:00,51.01621640232819,9.558752438653645,47.65159159953085
2023-01-22 02:00:00,50.68476594355272,9.665436443289343,47.73461078071711
2023-01-22 03:00:00,49.98346330765287,9.571519034132397,47.82465063955662
2023-01-22 04:00:00,50.85825167924634,9.571306455759403,47.86977317148847
2023-01-22 05:00:00,50.2363200615507,9.196184135568489,47.988122538177464
2023-01-22 06:00:00,49.889867462652745,9.377538733475099,47.87031845143983
2023-01-22 07:00:00,49.530663829868146,9.642238652172122,48.03704086259494
2023-01-22 08:00:00,49.97812601834036,9.506611552322196,48.189364724766165
2023-01-22 09:00:00,49.83065117919435,9.365598907994347,48.26292692449074
2023-01-22 10:00:00,50.45452221553121,9.44536237688996,48.441106815367846
2023-01-22 11:00:00,50.11777690340928,9.314346456077782,48.275444494600066
2023-01-22 12:00:00,50.25727398452118,9.294506671690035,48.22299968097381
2023-01-22 13:00:00,49.8396004578913,9.92442320843999,48.14946933490561
2023-01-22 14:00:00,50.912175021778,9.850315498216192,48.221617267281346
2023-01-22 15:00:00,50.31837581226324,9.742813452609825,48.116603193321126
2023-01-22 16:00:00,50.473286167376756,9.548550910919277,48.19235270825488
2023-01-22 17:00:00,50.7901746078428,9.771808502369257,48.32940632265455
2023-01-22 18:00:00,50.997074156568544,9.717441250403827,48.39892661266295
2023-01-22 19:00:00,50.904430327129695,9.522629338907398,48.427301715029095
2023-01-22 20:00:00,50.83951997726298,9.919020548589303,48.328514380939026
2023-01-22 21:00:00,50.86142571325254,10.344901449943395,48.24382928432649
2023-01-22 22:00:00,50.7879247124383,10.164774380221782,48.368791174856156
2023-01-22 23:00:00,51.26986427083575,9.604812394813598,48.44672607524669
2023-01-23 00:00:00,52.375125771631424,9.907066501764675,48.44282412330893
2023-01-23 01:00:00,52.09637987912751,9.701677554036673,48.40103316873234
2023-01-23 02:00:00,51.41147838933797,9.938865233785503,48.198452381421205
2023-01-23 03:00:00,51.36733736516234,9.347834088471952,48.09136713955276
2023-01-23 04:00:00,52.6571920339895,9.615613289961745,48.28250904826673
2023-01-23 05:00:00,52.25535475000464,9.25226171117751,48.15446349116649
2023-01-23 06:00:00,53.07491315272667,9.471490946897468,48.173411473288596
2023-01-23 07:00:00,53.91376355976489,9.475772867248399,48.27415587060811
2023-01-23 08:00:00,53.636969438910896,9.189591041429406,48.14866360380788
2023-01-23 09:00:00,53.92146097850353,9.067480147551372,48.16713465128599
2023-01-23 10:00:00,54.7356592900678,9.273375684638381,48.26092620503706
2023-01-23 11:00:00,54.54609541957406,9.305144020572952,48.26217613722778
2023-01-23 12:00:00,54.444305239522876,9.480467914714698,48.54901644279446
2023-01-23 13:00:00,54.153464782548554,10.073400090069343,48.38215651690664
2023-01-23 14:00:00,53.64608641720212,9.604127606556027,48.48802936989503
2023-01-23 15:00:00,53.32144764466912,10.089291379046614,48.47074919615538
2023-01-23 16:00:00,52.709477511287986,10.120598160303578,48.54794121163905
2023-01-23 17:00:00,52.726519245417606,9.85096294580664,48.59207192680898
2023-01-23 18:00:00,52.34153262988828,9.451868858084943,48.51875630709797
2023-01-23 19:00:00,52.45842558578366,9.395132740851833,48.54165594634391
2023-01-23 20:00:00,51.68047776268184,9.67162777442917,48.35586580120408
2023-01-23 21:00:00,51.845917878789066,9.63336303831591,48.416190551261224
2023-01-23 22:00:00,52.262682359593526,10.086709517390114,48.44600639786027
2023-01-23 23:00:00,51.2658145383078,9.651356810374647,48.50987241472458
2023-01-24 00:00:00,51.45284282323159,9.64773012602083,48.6156842472333
2023-01-24 01:00:00,52.06667731946823,9.272012092696896,48.65244623125427
2023-01-24 02:00:00,51.461856810122626,9.381101657484386,48.667255173234096
2023-01-24 03:00:00,52.29814300354148,9.647167874513576,48.579148339567965
2023-01-24 04:00:00,52.5076525082245,9.52093933640926,48.50792626320306
2023-01-24 05:00:00,52.1551465803453,8.73967517942112,48.6265997252208
2023-01-24 06:00:00,52.127262041516445,8.799359623460067,48.7702332657914
2023-01-24 07:00:00,52.406425497777306,8.930381188980121,48.74642222216019
2023-01-24 08:00:00,52.44442819348351,9.05166961546863,48.75102249688552
2023-01-24 09:00:00,52.713806189706695,9.422404273015276,48.66056105938614
2023-01-24 10:00:00,52.25346939316701,9.101088169120562,48.777836743912886
2023-01-24 11:00:00,52.338149805185054,9.305153000755697,48.84437842628206
2023-01-24 12:00:00,51.63129255673256,9.662905254499089,49.03850016992844
2023-01-24 13:00:00,51.57567952605821,9.129328979297133,48.950667862210466
2023-01-24 14:00:00,51.12372570532581,9.225224527072827,48.91286707230864
2023-01-24 15:00:00,50.755960734030936,9.073970577770526,48.9360116645612
2023-01-24 16:00:00,51.37400732163615,9.049513775840031,49.000660618333775
2023-01-24 17:00:00,51.919662381933286,9.153816720901533,48.97909385457901
2023-01-24 18:00:00,52.22423144238687,9.007648151667468,48.891797745533644
2023-01-24 19:00:00,51.67807506005059,8.804935727918984,48.979938498426
2023-01-24 20:00:00,51.51987083520318,8.81518145316539,49.05205203468056
2023-01-24 21:00:00,52.12641968519277,8.489007671506549,48.96042462462418
2023-01-24 22:00:00,52.19727814201272,8.163260132840994,49.09596890473473
2023-01-24 23:00:00,53.356942912003575,8.367072117727945,49.212988775654395
2023-01-25 00:00:00,53.55360183170076,8.022433907180348,49.22641842537917
2023-01-25 01:00:00,53.64962638994577,8.222327657453112,49.23437821161678
2023-01-25 02:00:00,53.49506815784452,8.361105045309298,49.28978398872837
2023-01-25 03:00:00,53.56183861023566,7.843363026672119,49.20361368170274
2023-01-25 04:00:00,53.48560369204539,7.640093630971422,49.20661682961915
2023-01-25 05:00:00,53.839658030389685,7.998326451885633,48.991378475158236
2023-01-25 06:00:00,54.318009188786974,7.703976792543729,49.07902403970853
2023-01-25 07:00:00,53.925014458533,7.564655513850913,48.92287471746434
2023-01-25 08:00:00,53.259397981754105,7.703273781826482,49.07321670030724
2023-01-25 09:00:00,52.34129529520246,7.938290934611261,49.0402046909106
2023-01-25 10:00:00,52.59529095865874,7.8628292687979116,49.01903799271748
2023-01-25 11:00:00,52.0436076555718,7.68357621039042,48.95626460210903
2023-01-25 12:00:00,50.96716235909555,8.110287168899973,48.92746071471682
2023-01-25 13:00:00,51.16145166136104,8.631957068039245,49.06931384923163
2023-01-25 14:00:00,52.40795142007744,8.925614483273783,48.82053298357812
2023-01-25 15:00:00,52.40491596430749,8.95120992604329,48.948229522186935
2023-01-25 16:00:00,52.824161351533306,8.708730209551014,48.98203187029711
2023-01-25 17:00:00,52.86507603080709,8.459596887584043,48.86132970551138
2023-01-25 18:00:00,52.81563120421152,8.61635111916377,48.75379846620646
2023-01-25 19:00:00,53.2751694457054,8.741870585430377,48.92143776892728
2023-01-25 20:00:00,53.130032173611085,9.162350163314304,48.826887080933005
2023-01-25 21:00:00,53.263728330647034,9.357485191075147,48.71155202987341
2023-01-25 22:00:00,53.42457723374504,8.9065611005472,48.82528348410988
2023-01-25 23:00:00,53.09053200692352,9.222145385864076,48.85913877173847
2023-01-26 00:00:00,53.586553181691784,8.922727197669753,48.765346214084836
2023-01-26 01:00:00,53.499073303344076,8.807535816084048,48.7870087116253
2023-01-26 02:00:00,53.12120072359765,8.882595877959556,48.68443344326127
2023-01-26 03:00:00,53.38945564538285,9.481296124894746,48.79451558310353
2023-01-26 04:00:00,52.94022165448734,10.414271691696353,48.90065267959084
2023-01-26 05:00:00,52.954312233171905,10.596288609437208,48.95385329947304
2023-01-26 06:00:00,52.949752734849795,10.541329623821092,48.99001940559774
2023-01-26 07:00:00,53.492700517765584,10.701681318365257,49.16613821808448
2023-01-26 08:00:00,53.730049634205564,10.967977946127407,49.1661068508233
2023-01-26 09:00:00,53.71753615483299,10.87177765846025,49.04791943828122
2023-01-26 10:00:00,54.126419304433135,11.410341065233947,49.09286682956445
2023-01-26 11:00:00,54.821523078941794,11.479362292991368,49.301471534518164
2023-01-26 12:00:00,55.10042823211772,11.628685219718786,49.199995585199574
2023-01-26 13:00:00,55.105604542039416,11.828462495335124,49.163849308530175
2023-01-26 14:00:00,54.44968642586433,11.95493847851946,49.20549391234032
2023-01-26 15:00:00,53.917129594326646,12.206620628660344,49.20010342743975
2023-01-26 16:00:00,53.76451724214931,12.021444672696267,49.10187306940202
2023-01-26 17:00:00,53.45976114106968,11.853954146512459,49.214058855025065
2023-01-26 18:00:00,53.36627548957695,11.52390787662095,49.44606292722679
2023-01-26 19:00:00,53.3946004520255,11.655758245807018,49.46567607312918
2023-01-26 20:00:00,53.65944682920387,11.889439196860652,49.37526924415558
2023-01-26 21:00:00,53.62419744017433,12.026771056706217,49.22037319165023
2023-01-26 22:00:00,53.86744826208742,12.529118786710479,49.24617078977235
2023-01-26 23:00:00,53.89968546949248,12.527439981061764,49.356558524103974
2023-01-27 00:00:00,52.911952186315546,12.728062477739519,49.40407529875352
2023-01-27 01:00:00,52.44228448940618,12.400552214897724,49.40383491466163
2023-01-27 02:00:00,52.370240711545364,12.284422304155402,49.3449077494827
2023-01-27 03:00:00,51.76539334012481,12.493083631425137,49.23569138621089
2023-01-27 04:00:00,52.06535770512291,12.74781426464808,49.31916651884338
2023-01-27 05:00:00,52.83073312129476,12.659624180348825,49.41054368098194
2023-01-27 06:00:00,53.440114047143425,12.638144404791404,49.255970702312865
2023-01-27 07:00:00,53.33339261167832,12.182782280787162,49.41495460013093
2023-01-27 08:00:00,54.07875568010329,12.075673520545179,49.472361722220334
2023-01-27 09:00:00,54.153089408704346,12.342788469601114,49.61232118673491
2023-01-27 10:00:00,53.98454642314533,12.515349974433084,49.4781084118864
2023-01-27 11:00:00,53.67784509137486,12.665549690847447,49.341525996344856
2023-01-27 12:00:00,53.526610248130794,12.680481797001736,49.326629065368124
2023-01-27 13:00:00,53.33252183886018,12.68260074459019,49.37690750805765
2023-01-27 14:00:00,53.41772995004793,12.484504402748154,49.556543590350344
2023-01-27 15:00:00,53.49801694057285,12.694152928808915,49.62715148173186
2023-01-27 16:00:00,53.49953995064956,12.820444812125732,49.602883354050654
2023-01-27 17:00:00,53.71800903552274,12.968050466523572,49.50024643328406
2023-01-27 18:00:00,54.313332172915906,12.810240013723297,49.62324649055598
2023-01-27 19:00:00,54.78810924063657,12.164237137761925,49.52677594798091
2023-01-27 20:00:00,54.045660256411615,12.493382951288032,49.689622803458136
2023-01-27 21:00:00,52.76869968896064,12.349731714485511,49.661184338497485
2023-01-27 22:00:00,53.23585964458027,12.090898985272576,49.82024254575927
2023-01-27 23:00:00,52.55242029537256,12.298942658846773,49.8881356747652
2023-01-28 00:00:00,52.44003759442622,12.181338866871034,49.87443612582096
2023-01-28 01:00:00,51.854981081396545,12.49931978208502,49.82249648863834
2023-01-28 02:00:00,50.95399086260653,12.68442156695803,49.78840570090373
2023-01-28 03:00:00,51.22472222670892,12.889492363918173,49.83123737014126
2023-01-28 04:00:00,51.60429980686025,12.479705650558014,49.83895301976303
2023-01-28 05:00:00,51.31604460649689,12.843288846173934,49.77957187895616
2023-01-28 06:00:00,50.02052346042443,12.92166400554409,49.763008737924395
2023-01-28 07:00:00,49.74740123629819,12.81088086377023,49.77086644089631
2023-01-28 08:00:00,49.94330323899946,12.853897403972905,49.55799303145483
2023-01-28 09:00:00,49.2038474546124,12.321026834103408,49.6038098429337
2023-01-28 10:00:00,49.295527414501976,12.44362267754761,49.50583772046202
2023-01-28 11:00:00,49.287872489915486,12.134811225092989,49.390504480141445
2023-01-28 12:00:00,49.57751823971603,11.729010139339929,49.221770045430375
2023-01-28 13:00:00,49.6373084239231,11.27230238347456,49.04238079564358
2023-01-28 14:00:00,49.15077395348233,11.606108895971538,48.906836045332355
2023-01-28 15:00:00,49.749059704314575,11.417329877863702,48.83593394956931
2023-01-28 16:00:00,49.66979491780109,11.87744819083865,49.031259863321964
2023-01-28 17:00:00,49.65614264804613,11.716707751922963,48.97867189573244
2023-01-28 18:00:00,49.189508668509525,11.204500364645078,48.996446906359246
2023-01-28 19:00:00,48.967867542913766,10.86954303266048,49.03649504500988
2023-01-28 20:00:00,48.525466185900314,11.240286518662561,49.04960156363146
2023-01-28 21:00:00,48.438993155938604,11.193517065281561,49.041857217558864
2023-01-28 22:00:00,49.29484739600977,11.029030876334382,48.92232784119894
2023-01-28 23:00:00,48.6088968245441,11.077036344090217,49.067420596026864
2023-01-29 00:00:00,47.80211612560572,11.22757116494048,49.24814026039065
2023-01-29 01:00:00,48.537701289352526,11.562790809711219,49.07987439097838
2023-01-29 02:00:00,48.4330394507766,11.997340578679097,48.97747153188974
2023-01-29 03:00:00,48.09850308144664,11.889409984942372,48.94949049765204
2023-01-29 04:00:00,48.618455425144674,11.49159567911776,48.85303671816102
2023-01-29 05:00:00,48.315647655276244,11.367556130780777,48.90363327350661
2023-01-29 06:00:00,49.22865251204971,11.445640282755642,48.830806053265945
2023-01-29 07:00:00,49.56761544771935,11.156512604892459,49.04731166004661
2023-01-29 08:00:00,49.323659743646495,10.869367330423946,49.16636651948097
2023-01-29 09:00:00,50.40231385027924,10.972503694888912,49.18762392254419
2023-01-29 10:00:00,50.099456388777575,10.957907989417777,49.29032254887616
2023-01-29 11:00:00,50.47050407478223,10.967747088041254,49.400912591311894
2023-01-29 12:00:00,50.62015036498548,10.740198487631233,49.34451784250607
2023-01-29 13:00:00,51.27102100968487,10.671078273369503,49.26289611805187
2023-01-29 14:00:00,52.0517766080483,10.39380833008901,49.270710424348835
2023-01-29 15:00:00,52.06777868258119,10.660867853426447,49.35687403679863
2023-01-29 16:00:00,51.69106974740809,10.971442653843573,49.370780076663976
2023-01-29 17:00:00,51.921055818877655,10.417586295172145,49.213080428444876
2023-01-29 18:00:00,51.5821981340016,10.138733037114422,49.13279798404979
2023-01-29 19:00:00,52.58889175776491,9.689774260587397,49.12540069769035
2023-01-29 20:00:00,52.65715942330628,9.494767080265328,49.117834137257766
2023-01-29 21:00:00,52.47449864765023,9.46973568932822,49.31508835493675
2023-01-29 22:00:00,52.56683880058269,9.034842123418661,49.17648956069685
2023-01-29 23:00:00,51.89327565581783,8.758284179481066,49.22704848488044
2023-01-30 00:00:00,51.40746863656251,8.457096967856618,49.375959795713264
2023-01-30 01:00:00,52.00767559053472,8.5192771666763,49.60310477025555
2023-01-30 02:00:00,51.67922845104903,8.540080467787176,49.56266502793715
2023-01-30 03:00:00,51.15577295970806,8.323559201785999,49.61180797320917
2023-01-30 04:00:00,51.424099335971704,8.376605463427818,49.66878400892904
2023-01-30 05:00:00,52.016951413303204,8.212601438051639,49.688332182084366
2023-01-30 06:00:00,52.37642806863573,8.131104904953823,49.67844766196043
2023-01-30 07:00:00,52.87445191153864,8.633140532043384,49.722045200910436
2023-01-30 08:00:00,52.496054367253905,9.03527884758049,49.46882059238847
2023-01-30 09:00:00,51.78514903388299,8.64540447650221,49.537027541394735
2023-01-30 10:00:00,52.53581585986073,8.894324201865961,49.54964533176093
2023-01-30 11:00:00,52.374475940439666,9.13774316821344,49.527397842083104
2023-01-30 12:00:00,52.249059432212135,8.793264181587654,49.73208406165506
2023-01-30 13:00:00,52.91315650313667,9.038897474714112,49.664590659776
2023-01-30 14:00:00,53.191271507837,9.500277050237878,49.6242830608695
2023-01-30 15:00:00,53.419215393877806,9.163513608364553,49.82343839108997
2023-01-30 16:00:00,54.50171656632834,8.888262762060275,49.74023226060499
2023-01-30 17:00:00,54.17995745113827,9.193561202113326,49.685220732311336
2023-01-30 18:00:00,54.643877515178886,9.27500979536102,49.67051818996825
2023-01-30 19:00:00,54.67238407762743,9.440452677932877,49.7545916381812
2023-01-30 20:00:00,54.80668021705906,9.542629442853025,49.77537188891654
2023-01-30 21:00:00,55.570914430265326,9.65983821913147,49.64610935420131
2023-01-30 22:00:00,55.82483230841014,9.261896580638144,49.59289249788859
2023-01-30 23:00:00,56.09398034793495,9.576091892624579,49.53215705456737
2023-01-31 00:00:00,56.63023401658985,9.92696889035291,49.52443495004506
2023-01-31 01:00:00,56.44775765181841,9.858151667132502,49.56701931590805
2023-01-31 02:00:00,56.02815281814891,9.845108582188344,49.60883989149684
2023-01-31 03:00:00,55.50574822113839,9.385776331421628,49.431238716092004
2023-01-31 04:00:00,54.52256992645039,9.540052758226977,49.53763281484809
2023-01-31 05:00:00,55.55067349142055,9.711669990741221,49.56288969944775
2023-01-31 06:00:00,54.999069308559704,9.693012685641428,49.701342904207145
2023-01-31 07:00:00,54.888442496766814,10.030318693602577,49.74576273693621
2023-01-31 08:00:00,54.75003584682236,9.930095524308596,49.85589503270979
2023-01-31 09:00:00,54.90373919572691,10.099477302076677,49.9025495638548
2023-01-31 10:00:00,55.31160780199656,9.793578000469042,50.037172139475075
2023-01-31 11:00:00,55.741844546176424,9.78651235520677,50.08939720307685
2023-01-31 12:00:00,55.45030582689196,9.73420607783592,50.079605678432564
2023-01-31 13:00:00,55.36674496999875,9.801798454448202,50.30684915047725
2023-01-31 14:00:00,55.5080349452429,9.690940375798194,50.39575286270524
2023-01-31 15:00:00,55.38368938215113,9.651498597096694,50.45312730480568
2023-01-31 16:00:00,56.18736217016112,9.899312748529146,50.32549686315185
2023-01-31 17:00:00,56.432849645980255,9.76828347735768,50.19666610140549
2023-01-31 18:00:00,56.80028853900516,9.286310347136077,50.22593764961968
2023-01-31 19:00:00,57.13172917333887,9.811185518397703,50.240489769396504
2023-01-31 20:00:00,57.71846610208153,10.225621742004849,50.179077512895674
2023-01-31 21:00:00,57.80897688143338,9.837942933473164,50.193175782856876
2023-01-31 22:00:00,57.160560907455455,10.044855275046721,50.35203847566124
2023-01-31 23:00:00,57.360404883331775,9.893962843881319,50.42157872311627
2023-02-01 00:00:00,57.03472643643586,9.973009008480636,50.30747787214099
2023-02-01 01:00:00,56.770418095560984,10.061276247184685,50.296326989426696
2023-02-01 02:00:00,57.06360010493853,9.990953907089787,50.215830341341444
2023-02-01 03:00:00,57.68274164065535,9.75582420741387,50.17706034970058
2023-02-01 04:00:00,57.69337742902338,9.548661891718991,50.13569878313762
2023-02-01 05:00:00,57.84779393532286,9.27380431707462,50.08793422487722
2023-02-01 06:00:00,58.698901407640484,9.024257654605485,49.96242068767988
2023-02-01 07:00:00,58.819277997384766,9.004104167590679,49.94965521952806
2023-02-01 08:00:00,60.12011955447496,8.789376170857453,49.893594455843335
2023-02-01 09:00:00,60.402874377290736,8.99399179057124,49.600649586843105
2023-02-01 10:00:00,59.522492997712824,9.440165637172017,49.80594678929327
2023-02-01 11:00:00,59.899163808265094,9.266149664761004,49.91482375471494
2023-02-01 12:00:00,60.089743000706484,9.337971014921617,49.87719368222244
2023-02-01 13:00:00,60.734619377747855,9.487876548012498,49.879075587196496
2023-02-01 14:00:00,61.071210053382835,9.62947722928828,49.76191015246474
2023-02-01 15:00:00,61.00198206139095,9.652263809663106,49.93148244024583
2023-02-01 16:00:00,60.38983294324626,9.875068535171023,50.12121130972314
2023-02-01 17:00:00,60.28532131460325,10.01974322097522,50.13688068254779
2023-02-01 18:00:00,59.8600610874986,9.648444494277031,50.23923374696633
2023-02-01 19:00:00,59.56979936259624,9.909191313593812,50.25676242485972
2023-02-01 20:00:00,59.86408856480655,10.175378564773835,50.123089880972124
2023-02-01 21:00:00,60.699040816982254,9.94639273352026,50.08190754407576
2023-02-01 22:00:00,60.89637658189375,9.957774084154542,50.09510034075296
2023-02-01 23:00:00,60.29843505087616,10.162772781997862,50.04964556887861
2023-02-02 00:00:00,60.52073638498623,10.099978636124053,50.027780241135105
2023-02-02 01:00:00,61.11905212830906,10.421872050453857,50.018640285384194
2023-02-02 02:00:00,60.81416067614936,11.131033798839665,50.01055243559765
2023-02-02 03:00:00,60.747152092812904,10.895237989049171,50.015778284647396
2023-02-02 04:00:00,60.754496190177505,10.480924608103038,49.90971777800774
2023-02-02 05:00:00,60.36204703363639,10.5720701867845,49.83801616309494
2023-02-02 06:00:00,60.68618725055832,10.788538938322343,49.70955773652495
2023-02-02 07:00:00,60.62571317625443,10.719279026168913,49.80733929149357
2023-02-02 08:00:00,60.835479398207944,11.155257225165224,49.59677459730953
2023-02-02 09:00:00,60.39173330930689,10.753675485248248,49.71213363164123
2023-02-02 10:00:00,60.17300415914519,10.961551072157732,49.85076857136751
2023-02-02 11:00:00,60.53419483805907,10.779792825930064,49.82055051266925
2023-02-02 12:00:00,60.347778262013186,11.295606197792253,49.56023680388652
2023-02-02 13:00:00,61.21126018762989,11.893360803742688,49.524105747689795
2023-02-02 14:00:00,61.01144209482259,11.663363827407684,49.51768733156091
2023-02-02 15:00:00,61.123784457698534,11.49849668663511,49.416627509568016
2023-02-02 16:00:00,61.59007987363508,11.756373052729051,49.36510567018719
2023-02-02 17:00:00,60.880897007168564,11.640233857792197,49.518125190073526
2023-02-02 18:00:00,60.00049260117817,11.626610492412524,49.584617906303706
2023-02-02 19:00:00,59.237664443893124,11.634227018575249,49.49216149486589
2023-02-02 20:00:00,59.86895649560672,11.058325071715952,49.33240157790635
2023-02-02 21:00:00,59.59302742266049,11.054173747887681,49.29969984614537
2023-02-02 22:00:00,60.87212706549462,10.847255415668428,49.27835416821033
2023-02-02 23:00:00,60.59000326616592,10.699318568948497,49.32797408694666
2023-02-03 00:00:00,60.68227891776444,11.13240816998914,49.2744424156899
2023-02-03 01:00:00,61.45333389404838,10.755456101705365,49.32559237322608
2023-02-03 02:00:00,62.456380338127936,10.999417657729756,49.5191077772321
2023-02-03 03:00:00,63.487132126446134,10.915728778630214,49.60065787947653
2023-02-03 04:00:00,64.0913152417427,10.831800728081465,49.59584902874345
2023-02-03 05:00:00,64.60334650464844,11.068912296896977,49.577533981638126
2023-02-03 06:00:00,64.89960997924902,11.170927685267644,49.54186666822014
2023-02-03 07:00:00,65.28879051733234,11.342111584433503,49.659930759465354
2023-02-03 08:00:00,65.01319765916807,11.632566982593362,49.59719941487022
2023-02-03 09:00:00,64.60409821745692,11.533174467638366,49.60172168577022
2023-02-03 10:00:00,64.60241098875144,11.349503447286041,49.606841475958326
2023-02-03 11:00:00,64.51731867748899,11.023958289318701,49.55666305667717
2023-02-03 12:00:00,64.29070465282534,10.776335130325014,49.41941650188876
2023-02-03 13:00:00,64.6388983765537,11.661063457917633,49.45171395225053
2023-02-03 14:00:00,65.11655098083895,12.034467332138668,49.445613555064995
2023-02-03 15:00:00,65.16075442398488,11.629145022276262,49.49563760200865
2023-02-03 16:00:00,65.89951946451251,11.23240763525319,49.442277571364734
2023-02-03 17:00:00,65.32867490744576,11.376967453768739,49.56435970124604
2023-02-03 18:00:00,65.2318451778059,11.541146892982129,49.476682323124855
2023-02-03 19:00:00,64.87343401750451,11.705812043577339,49.647886351526644
2023-02-03 20:00:00,63.94016570896797,11.629325305511228,49.47312270054382
2023-02-03 21:00:00,63.898825366046616,11.591689027510359,49.51659970699951
2023-02-03 22:00:00,63.837951611854976,11.690052884758165,49.564142775252165
2023-02-03 23:00:00,64.59467648347604,11.715820786646166,49.48458706845808
2023-02-04 00:00:00,64.91008232575342,11.050030674821905,49.52702646224418
2023-02-04 01:00:00,64.39798891358882,10.981090785649346,49.6549783292202
2023-02-04 02:00:00,65.32503519675592,10.725668855371252,49.43329644528479
2023-02-04 03:00:00,65.9355520445186,10.778232281043806,49.48357092603387
2023-02-04 04:00:00,66.2266008962529,11.673809981824828,49.234243844000865
2023-02-04 05:00:00,66.11335884682799,11.78405448146712,49.13767736364854
2023-02-04 06:00:00,65.63363922846625,11.6899955756154,49.30059400013864
2023-02-04 07:00:00,65.44753584043072,11.966536026208576,49.242415796799435
2023-02-04 08:00:00,65.99191015028282,12.111342392371341,49.12502780035854
2023-02-04 09:00:00,66.93420330325011,12.237370739506893,49.105234027460064
2023-02-04 10:00:00,67.7058250673862,12.419425917471594,49.312024661276425
2023-02-04 11:00:00,67.46140035649307,13.036388986920457,49.12885643655582
2023-02-04 12:00:00,66.90159163984856,12.697122456322681,49.02372544539188
2023-02-04 13:00:00,66.97203476330418,12.839212079366117,49.17346861370985
2023-02-04 14:00:00,66.08781508052274,12.561297740371657,49.35923884806362
2023-02-04 15:00:00,66.24939893761513,12.72795153427433,49.34889572563459
2023-02-04 16:00:00,66.1755976444658,12.452345580828503,49.22499045538193
2023-02-04 17:00:00,65.94257939353167,12.327135536746978,49.434574805562846
2023-02-04 18:00:00,65.14522785989828,12.238608562475605,49.59401904473776
2023-02-04 19:00:00,65.40202791318313,12.531353578279019,49.661913743513985
2023-02-04 20:00:00,65.13567749335218,12.806889911461742,49.580673508620244
2023-02-04 21:00:00,64.55071907549703,12.433174698527827,49.57577057453644
2023-02-04 22:00:00,63.11458796885621,12.449654931827782,49.559734566431956
2023-02-04 23:00:00,63.100830516330895,12.236780975403029,49.592819696893514
2023-02-05 00:00:00,63.98695631466577,11.85922950220043,49.73791984070665
2023-02-05 01:00:00,64.8175859219397,11.794124387073118,49.82586154482039
2023-02-05 02:00:00,64.58903779364657,11.701579550536373,49.718123937121916
2023-02-05 03:00:00,64.28793176346568,12.429594496440028,49.85577358212387
2023-02-05 04:00:00,64.52231889150319,12.559482444048239,49.88708679612518
2023-02-05 05:00:00,64.02312617190904,12.146197193821967,49.955793375711075
2023-02-05 06:00:00,64.17402212181878,11.976764992570684,50.10244746163894
2023-02-05 07:00:00,64.55706226101111,12.283179981199504,49.99128943668758
2023-02-05 08:00:00,65.17052887295327,12.909712813060482,49.98770687881694
2023-02-05 09:00:00,65.1204518347133,12.433917819389094,49.93456142368101
2023-02-05 10:00:00,65.01861495962481,11.86994050384738,49.77777548114447
2023-02-05 11:00:00,64.57962366624653,12.431230056458915,49.81244647890496
2023-02-05 12:00:00,64.1661834892266,12.548114309670186,50.0636021340634
2023-02-05 13:00:00,64.05294404327584,12.287626490107277,49.879594359612824
2023-02-05 14:00:00,64.23662679668394,12.448015215944007,49.876366298507875
2023-02-05 15:00:00,64.69341910980056,11.657290894238944,49.94042059201536
2023-02-05 16:00:00,64.29182963446038,11.658303546218091,49.952728412180974
2023-02-05 17:00:00,65.03817391894015,11.756649898071018,49.941415606929404
2023-02-05 18:00:00,64.90261211841886,12.033930939932366,49.81149397058482
2023-02-05 19:00:00,64.89192847124464,11.729762154244606,49.83477264487883
2023-02-05 20:00:00,64.51832263167073,11.755468302665612,49.75909624717724
2023-02-05 21:00:00,63.30620250153426,11.477840914847736,49.540104076679384
2023-02-05 22:00:00,63.74822519971478,11.554456041550031,49.65956329873076
2023-02-05 23:00:00,64.116647148261,11.285852144841124,49.75540188071496
2023-02-06 00:00:00,63.975983369701886,11.163421893093059,49.76056797840007
2023-02-06 01:00:00,64.00947872831432,10.864677274655989,49.78347544722064
2023-02-06 02:00:00,64.26744833716637,11.060018147203087,49.8909072484922
2023-02-06 03:00:00,63.4861754087231,11.317553482200086,49.91334121417
2023-02-06 04:00:00,63.22164907004995,11.247167311212863,50.00374296964614
2023-02-06 05:00:00,63.618781409860865,11.25863870970087,49.973994749558756
2023-02-06 06:00:00,62.99163669827624,10.824061285310808,50.10519312341615
2023-02-06 07:00:00,63.138415664359556,10.734158290908772,50.137271696009414
2023-02-06 08:00:00,62.460124762047855,10.719096905796247,50.15667689037
2023-02-06 09:00:00,62.69333975326462,11.505334833105241,50.0296707814988
2023-02-06 10:00:00,62.67551901211588,11.17174472537299,50.05836636692897
2023-02-06 11:00:00,61.86795310416312,11.610997896998722,49.97517087517953
2023-02-06 12:00:00,62.450322781391705,11.910055529038464,49.91134260252667
2023-02-06 13:00:00,62.08302699299268,11.994246450385505,49.82980503969507
2023-02-06 14:00:00,61.67790077448549,12.521832595644046,49.72318154650514
2023-02-06 15:00:00,61.77818537310096,12.633464237426105,49.93565868680684
2023-02-06 16:00:00,62.352504047815316,12.750211996126485,50.068792593005675
2023-02-06 17:00:00,61.84459313832612,12.73427580022122,50.2608293432201
2023-02-06 18:00:00,61.87543306325011,13.101346464946808,50.138539841264546
2023-02-06 19:00:00,62.08984131341539,13.430287235090073,50.14566521625564
2023-02-06 20:00:00,62.436394117046966,13.24258404884121,50.01631445373523
2023-02-06 21:00:00,62.52461489468558,12.846809890461579,49.94674496601552
2023-02-06 22:00:00,62.34110097514392,12.785915699242882,49.85493226767387
2023-02-06 23:00:00,61.92730586481956,12.545904129923588,49.97889066831802
2023-02-07 00:00:00,61.970377806342746,12.526846757538982,49.93926770050784
2023-02-07 01:00:00,61.43430830034994,12.898078197944223,50.04610563387725
2023-02-07 02:00:00,59.97363305860264,12.760887701418186,50.106517722836095
2023-02-07 03:00:00,60.19191296068147,12.748040687024714,50.336881598046574
2023-02-07 04:00:00,60.64388038122457,12.765447507467233,50.188937175732605
2023-02-07 05:00:00,59.46241416345365,13.019976772128818,50.31486049971129
2023-02-07 06:00:00,58.95754881109868,12.345909971933438,50.42950458675136
2023-02-07 07:00:00,59.26712594160128,12.163899883503849,50.332166702948655
2023-02-07 08:00:00,60.29587367645713,12.22728499118769,50.43288003659597
2023-02-07 09:00:00,60.30627053029483,12.587308678115747,50.466494532898594
2023-02-07 10:00:00,59.942269059680264,12.439737943863886,50.44374690690325
2023-02-07 11:00:00,59.85082083912784,11.876772132051324,50.36135335820605
2023-02-07 12:00:00,60.53825904870193,12.062685565841164,50.28944241306113
2023-02-07 13:00:00,60.215276959139665,11.872076849193476,50.49442362263972
2023-02-07 14:00:00,59.815680955814535,11.515176851466368,50.49449190453547
2023-02-07 15:00:00,59.57430919472352,11.327873234552401,50.57270490468862
2023-02-07 16:00:00,59.09764489059416,11.272515627255645,50.49361496652186
2023-02-07 17:00:00,59.15898004859156,11.091092227894181,50.4156296718997
2023-02-07 18:00:00,59.97131927782634,10.429422410764461,50.52382815282469
2023-02-07 19:00:00,60.13285891438435,10.6985422698306,50.38887053166954
2023-02-07 20:00:00,60.00668216332121,11.081004782214217,50.34734915487901
2023-02-07 21:00:00,59.86077652886344,11.27646137961607,50.350751895986235
2023-02-07 22:00:00,59.07918112451511,10.935155678488623,50.36188915617024
2023-02-07 23:00:00,59.52073601308869,10.874708218304368,50.343979827668626
2023-02-08 00:00:00,59.48181741458229,10.87275182373553,50.38356180577822
2023-02-08 01:00:00,59.39157745778697,11.052390140604103,50.45284738136
2023-02-08 02:00:00,60.988131241709404,11.252892287219527,50.526311135905935
2023-02-08 03:00:00,61.137507695892246,11.03264014758598,50.42773075503915
2023-02-08 04:00:00,60.76161217084466,11.057238814510047,50.39931524524627
2023-02-08 05:00:00,60.54843337274188,11.19442293589462,50.51879153143396
2023-02-08 06:00:00,61.12265622734026,11.63116963253865,50.60825625019135
2023-02-08 07:00:00,61.17929143260914,11.842521594486067,50.470970305043245
2023-02-08 08:00:00,60.460152443450454,12.079238600698723,50.506118295078466
2023-02-08 09:00:00,60.919766910738055,12.104386589077532,50.30829577014099
2023-02-08 10:00:00,60.585694867968556,12.527524332638581,50.312989260347024
2023-02-08 11:00:00,61.522343756077326,12.650453171426431,50.50276596202162
2023-02-08 12:00:00,62.06236778893465,12.39212679837436,50.40797669029472
2023-02-08 13:00:00,61.83870684110528,12.813137789411918,50.32454438574556
2023-02-08 14:00:00,62.479215021972834,13.022508771173626,50.40094736390285
2023-02-08 15:00:00,62.51314277723654,12.889595564835082,50.24666721238189
2023-02-08 16:00:00,62.93952961479765,12.745747674615309,50.183391709393376
2023-02-08 17:00:00,63.181896023444885,12.834720338157537,50.24303582315156
2023-02-08 18:00:00,62.75871769594945,12.973675776737812,50.179607238382616
2023-02-08 19:00:00,62.43694277979072,13.032863456427174,50.15601023966152
2023-02-08 20:00:00,62.9519231885813,13.12625605846004,50.23042881069302
2023-02-08 21:00:00,62.784535522528024,13.636243270832953,50.272583419046676
2023-02-08 22:00:00,62.58271129090703,13.95770621650342,50.299265258676215
2023-02-08 23:00:00,62.10515000123235,14.014896893882927,50.26535303074921
2023-02-09 00:00:00,62.316949534029085,14.29729006811317,50.30235914227611
2023-02-09 01:00:00,63.34821199365066,13.98753289705491,50.28998587426614
2023-02-09 02:00:00,62.81444553652352,14.106911012038953,50.33576643525871
2023-02-09 03:00:00,62.8265552648599,14.649702916958885,50.286073232746915
2023-02-09 04:00:00,63.532665542567614,14.584289148341174,50.26781633530896
2023-02-09 05:00:00,63.492844846944756,14.329998969755447,50.16882055605376
2023-02-09 06:00:00,63.719030745069624,14.134372303177528,50.165319795053136
2023-02-09 07:00:00,63.18783398099618,13.807482391974812,50.08421970869025
2023-02-09 08:00:00,63.40198752960001,13.572053819536501,49.97281506367405
2023-02-09 09:00:00,63.30841539709773,13.460901389959492,49.99868117845959
2023-02-09 10:00:00,63.80128039493766,13.0392312842059,50.019955156045356
2023-02-09 11:00:00,64.39497342072005,13.043916784390781,50.098242529540215
2023-02-09 12:00:00,65.68975524172936,13.314599936526776,50.055129972582705
2023-02-09 13:00:00,65.97957182833613,13.0422730824827,50.095935257266376
2023-02-09 14:00:00,66.14246998662722,13.498058259575231,50.151015014493744
2023-02-09 15:00:00,66.23966213741589,13.651295886133509,50.19549239527691
2023-02-09 16:00:00,66.06307899101054,13.960470061820725,50.112927026996694
2023-02-09 17:00:00,66.23232091274139,13.763119695665084,50.12786337522381
2023-02-09 18:00:00,66.08462020767188,14.01947726378507,50.16427740482928
2023-02-09 19:00:00,66.16885069580668,13.691897093666476,50.16499525152007
2023-02-09 20:00:00,66.82764946361067,13.958971343917428,49.95634748568296
2023-02-09 21:00:00,66.32437818097084,14.010523145855487,49.97239644808031
2023-02-09 22:00:00,66.89431746153537,14.176498511850923,50.193649552020034
2023-02-09 23:00:00,67.5528749952053,13.823820130163467,50.15764562514433
2023-02-10 00:00:00,67.49384073170975,13.555299177480485,50.084837915358804
2023-02-10 01:00:00,66.43291328220546,13.734467642956501,50.12217277132994
2023-02-10 02:00:00,66.12900228865824,13.44996324168924,50.1534105923766
2023-02-10 03:00:00,66.7774995619388,13.588925129318977,50.27268410891824
2023-02-10 04:00:00,66.76606553078935,13.178783787380905,50.146897293327356
2023-02-10 05:00:00,66.2664144146419,13.433236051180904,50.22003531858485
2023-02-10 06:00:00,66.0140269540278,13.063479056750351,50.27907752471
2023-02-10 07:00:00,66.43433696728007,13.22916903805421,50.26486287101594
2023-02-10 08:00:00,66.70770375138076,13.416858318148009,50.29873160280811
2023-02-10 09:00:00,66.58823770179592,13.207826772619136,50.40167735096795
2023-02-10 10:00:00,66.40482549588856,13.382434742744554,50.48890888897079
2023-02-10 11:00:00,66.20894642136665,13.46056742174462,50.37460695776342
2023-02-10 12:00:00,65.7477413291174,13.2989148648868,50.45662277643897
2023-02-10 13:00:00,66.55542917385213,12.996348459663938,50.450153915935715
2023-02-10 14:00:00,66.39426893924646,12.407560752162164,50.45744132573727
2023-02-10 15:00:00,67.00284819965921,12.51245576635207,50.464761024837436
2023-02-10 16:00:00,67.76350622562043,12.043014934943455,50.449736725957614
2023-02-10 17:00:00,68.26266167469441,12.071618194775848,50.56890747566832
2023-02-10 18:00:00,68.04685151833539,11.992583729951173,50.5605356796834
2023-02-10 19:00:00,68.24871656350369,12.19632656258263,50.44858106684508
2023-02-10 20:00:00,68.23661876030823,12.105712912735672,50.40922808124811
2023-02-10 21:00:00,67.78476782994318,12.006878576831545,50.427097552929155
2023-02-10 22:00:00,67.94694747080396,12.226439788118032,50.55001903135886
2023-02-10 23:00:00,67.35742757522407,12.326957196843267,50.61032849985374
2023-02-11 00:00:00,67.95126726945485,12.421803983998101,50.52527497197904
2023-02-11 01:00:00,67.71895862080565,12.562584260940659,50.77379396364693
2023-02-11 02:00:00,67.81953844874207,12.101912623978528,50.80027149474473
2023-02-11 03:00:00,67.96118238451514,12.328949227974622,50.92781056854463
2023-02-11 04:00:00,67.83172989766311,12.512689866178704,50.91263912518691
2023-02-11 05:00:00,68.12507679840074,12.207684927605754,50.96597504965745
2023-02-11 06:00:00,67.88762497008948,12.134460785503492,51.04992190010929
2023-02-11 07:00:00,68.32327361881809,12.122668599215203,51.17174137128472
2023-02-11 08:00:00,67.65028377869473,12.082319563894684,51.27747820182254
2023-02-11 09:00:00,67.71347356846793,12.182477553865244,51.364697901829835
2023-02-11 10:00:00,68.68293806799707,12.6118875884146,51.333189228710424
2023-02-11 11:00:00,68.1827724056943,12.936417606716448,51.27601462451482
2023-02-11 12:00:00,67.84389992043187,12.542751848687026,51.30927537554724
2023-02-11 13:00:00,68.10085384526133,12.72937284577884,51.402588182781344
2023-02-11 14:00:00,68.19064473623112,13.128052841639464,51.38031611270368
2023-02-11 15:00:00,68.36595978586791,13.244095397846225,51.48683330927513
